<annotation>
	<folder>images</folder>
	<filename>image11.jpg</filename>
	<path>/home/mainak/tflite-custom-object-bookworm-main/images/image11.jpg</path>
	<source>
		<database>Unknown</database>
	</source>
	<size>
		<width>400</width>
		<height>400</height>
		<depth>3</depth>
	</size>
	<segmented>0</segmented>
	<object>
		<name>pothole</name>
		<pose>Unspecified</pose>
		<truncated>0</truncated>
		<difficult>0</difficult>
		<bndbox>
			<xmin>120</xmin>
			<ymin>178</ymin>
			<xmax>306</xmax>
			<ymax>307</ymax>
		</bndbox>
	</object>
	<object>
		<name>pothole</name>
		<pose>Unspecified</pose>
		<truncated>0</truncated>
		<difficult>0</difficult>
		<bndbox>
			<xmin>79</xmin>
			<ymin>128</ymin>
			<xmax>210</xmax>
			<ymax>165</ymax>
		</bndbox>
	</object>
	<object>
		<name>pothole</name>
		<pose>Unspecified</pose>
		<truncated>0</truncated>
		<difficult>0</difficult>
		<bndbox>
			<xmin>234</xmin>
			<ymin>134</ymin>
			<xmax>373</xmax>
			<ymax>175</ymax>
		</bndbox>
	</object>
</annotation>
