<annotation>
	<folder>images</folder>
	<filename>image13.jpg</filename>
	<path>/home/mainak/tflite-custom-object-bookworm-main/images/image13.jpg</path>
	<source>
		<database>Unknown</database>
	</source>
	<size>
		<width>400</width>
		<height>400</height>
		<depth>3</depth>
	</size>
	<segmented>0</segmented>
	<object>
		<name>pothole</name>
		<pose>Unspecified</pose>
		<truncated>0</truncated>
		<difficult>0</difficult>
		<bndbox>
			<xmin>142</xmin>
			<ymin>148</ymin>
			<xmax>387</xmax>
			<ymax>194</ymax>
		</bndbox>
	</object>
	<object>
		<name>pothole</name>
		<pose>Unspecified</pose>
		<truncated>0</truncated>
		<difficult>0</difficult>
		<bndbox>
			<xmin>2</xmin>
			<ymin>206</ymin>
			<xmax>260</xmax>
			<ymax>318</ymax>
		</bndbox>
	</object>
	<object>
		<name>pothole</name>
		<pose>Unspecified</pose>
		<truncated>0</truncated>
		<difficult>0</difficult>
		<bndbox>
			<xmin>197</xmin>
			<ymin>127</ymin>
			<xmax>341</xmax>
			<ymax>143</ymax>
		</bndbox>
	</object>
</annotation>
