<annotation>
	<folder>images</folder>
	<filename>image29.jpg</filename>
	<path>/home/mainak/tflite-custom-object-bookworm-main/images/image29.jpg</path>
	<source>
		<database>Unknown</database>
	</source>
	<size>
		<width>400</width>
		<height>400</height>
		<depth>3</depth>
	</size>
	<segmented>0</segmented>
	<object>
		<name>speed-breaker</name>
		<pose>Unspecified</pose>
		<truncated>0</truncated>
		<difficult>0</difficult>
		<bndbox>
			<xmin>155</xmin>
			<ymin>166</ymin>
			<xmax>241</xmax>
			<ymax>171</ymax>
		</bndbox>
	</object>
	<object>
		<name>obstruction</name>
		<pose>Unspecified</pose>
		<truncated>0</truncated>
		<difficult>0</difficult>
		<bndbox>
			<xmin>235</xmin>
			<ymin>140</ymin>
			<xmax>266</xmax>
			<ymax>166</ymax>
		</bndbox>
	</object>
	<object>
		<name>obstruction</name>
		<pose>Unspecified</pose>
		<truncated>0</truncated>
		<difficult>0</difficult>
		<bndbox>
			<xmin>179</xmin>
			<ymin>142</ymin>
			<xmax>203</xmax>
			<ymax>158</ymax>
		</bndbox>
	</object>
	<object>
		<name>obstruction</name>
		<pose>Unspecified</pose>
		<truncated>0</truncated>
		<difficult>0</difficult>
		<bndbox>
			<xmin>269</xmin>
			<ymin>135</ymin>
			<xmax>312</xmax>
			<ymax>163</ymax>
		</bndbox>
	</object>
	<object>
		<name>obstruction</name>
		<pose>Unspecified</pose>
		<truncated>0</truncated>
		<difficult>0</difficult>
		<bndbox>
			<xmin>145</xmin>
			<ymin>144</ymin>
			<xmax>174</xmax>
			<ymax>164</ymax>
		</bndbox>
	</object>
</annotation>
