<annotation>
	<folder>images</folder>
	<filename>image34.jpg</filename>
	<path>/home/mainak/tflite-custom-object-bookworm-main/images/image34.jpg</path>
	<source>
		<database>Unknown</database>
	</source>
	<size>
		<width>200</width>
		<height>200</height>
		<depth>3</depth>
	</size>
	<segmented>0</segmented>
	<object>
		<name>speed-breaker</name>
		<pose>Unspecified</pose>
		<truncated>1</truncated>
		<difficult>0</difficult>
		<bndbox>
			<xmin>2</xmin>
			<ymin>33</ymin>
			<xmax>200</xmax>
			<ymax>171</ymax>
		</bndbox>
	</object>
</annotation>
