<annotation>
	<folder>images</folder>
	<filename>image25.jpg</filename>
	<path>/home/mainak/tflite-custom-object-bookworm-main/images/image25.jpg</path>
	<source>
		<database>Unknown</database>
	</source>
	<size>
		<width>400</width>
		<height>400</height>
		<depth>3</depth>
	</size>
	<segmented>0</segmented>
	<object>
		<name>pothole</name>
		<pose>Unspecified</pose>
		<truncated>0</truncated>
		<difficult>0</difficult>
		<bndbox>
			<xmin>27</xmin>
			<ymin>223</ymin>
			<xmax>218</xmax>
			<ymax>312</ymax>
		</bndbox>
	</object>
	<object>
		<name>pothole</name>
		<pose>Unspecified</pose>
		<truncated>0</truncated>
		<difficult>0</difficult>
		<bndbox>
			<xmin>139</xmin>
			<ymin>192</ymin>
			<xmax>345</xmax>
			<ymax>236</ymax>
		</bndbox>
	</object>
	<object>
		<name>pothole</name>
		<pose>Unspecified</pose>
		<truncated>0</truncated>
		<difficult>0</difficult>
		<bndbox>
			<xmin>219</xmin>
			<ymin>157</ymin>
			<xmax>353</xmax>
			<ymax>190</ymax>
		</bndbox>
	</object>
</annotation>
