<annotation>
	<folder>images</folder>
	<filename>image5.jpg</filename>
	<path>/home/mainak/tflite-custom-object-bookworm-main/images/image5.jpg</path>
	<source>
		<database>Unknown</database>
	</source>
	<size>
		<width>400</width>
		<height>400</height>
		<depth>3</depth>
	</size>
	<segmented>0</segmented>
	<object>
		<name>pothole</name>
		<pose>Unspecified</pose>
		<truncated>0</truncated>
		<difficult>0</difficult>
		<bndbox>
			<xmin>79</xmin>
			<ymin>156</ymin>
			<xmax>307</xmax>
			<ymax>264</ymax>
		</bndbox>
	</object>
</annotation>
