<annotation>
	<folder>images</folder>
	<filename>image10.jpg</filename>
	<path>/home/mainak/tflite-custom-object-bookworm-main/images/image10.jpg</path>
	<source>
		<database>Unknown</database>
	</source>
	<size>
		<width>400</width>
		<height>400</height>
		<depth>3</depth>
	</size>
	<segmented>0</segmented>
	<object>
		<name>pothole</name>
		<pose>Unspecified</pose>
		<truncated>0</truncated>
		<difficult>0</difficult>
		<bndbox>
			<xmin>65</xmin>
			<ymin>137</ymin>
			<xmax>301</xmax>
			<ymax>312</ymax>
		</bndbox>
	</object>
	<object>
		<name>pothole</name>
		<pose>Unspecified</pose>
		<truncated>0</truncated>
		<difficult>0</difficult>
		<bndbox>
			<xmin>339</xmin>
			<ymin>106</ymin>
			<xmax>398</xmax>
			<ymax>147</ymax>
		</bndbox>
	</object>
</annotation>
