<annotation>
	<folder>images</folder>
	<filename>image14.jpg</filename>
	<path>/home/mainak/tflite-custom-object-bookworm-main/images/image14.jpg</path>
	<source>
		<database>Unknown</database>
	</source>
	<size>
		<width>400</width>
		<height>400</height>
		<depth>3</depth>
	</size>
	<segmented>0</segmented>
	<object>
		<name>pothole</name>
		<pose>Unspecified</pose>
		<truncated>0</truncated>
		<difficult>0</difficult>
		<bndbox>
			<xmin>242</xmin>
			<ymin>151</ymin>
			<xmax>381</xmax>
			<ymax>219</ymax>
		</bndbox>
	</object>
</annotation>
