<annotation>
	<folder>images</folder>
	<filename>image30.jpg</filename>
	<path>/home/mainak/tflite-custom-object-bookworm-main/images/image30.jpg</path>
	<source>
		<database>Unknown</database>
	</source>
	<size>
		<width>400</width>
		<height>400</height>
		<depth>3</depth>
	</size>
	<segmented>0</segmented>
	<object>
		<name>speed-breaker</name>
		<pose>Unspecified</pose>
		<truncated>0</truncated>
		<difficult>0</difficult>
		<bndbox>
			<xmin>89</xmin>
			<ymin>192</ymin>
			<xmax>311</xmax>
			<ymax>217</ymax>
		</bndbox>
	</object>
	<object>
		<name>obstruction</name>
		<pose>Unspecified</pose>
		<truncated>0</truncated>
		<difficult>0</difficult>
		<bndbox>
			<xmin>87</xmin>
			<ymin>125</ymin>
			<xmax>122</xmax>
			<ymax>152</ymax>
		</bndbox>
	</object>
	<object>
		<name>obstruction</name>
		<pose>Unspecified</pose>
		<truncated>0</truncated>
		<difficult>0</difficult>
		<bndbox>
			<xmin>127</xmin>
			<ymin>130</ymin>
			<xmax>150</xmax>
			<ymax>157</ymax>
		</bndbox>
	</object>
</annotation>
