<annotation>
	<folder>images</folder>
	<filename>image17.jpg</filename>
	<path>/home/mainak/tflite-custom-object-bookworm-main/images/image17.jpg</path>
	<source>
		<database>Unknown</database>
	</source>
	<size>
		<width>400</width>
		<height>400</height>
		<depth>3</depth>
	</size>
	<segmented>0</segmented>
	<object>
		<name>speed-breaker</name>
		<pose>Unspecified</pose>
		<truncated>0</truncated>
		<difficult>0</difficult>
		<bndbox>
			<xmin>72</xmin>
			<ymin>154</ymin>
			<xmax>345</xmax>
			<ymax>178</ymax>
		</bndbox>
	</object>
</annotation>
