<annotation>
	<folder>images</folder>
	<filename>image36.jpeg</filename>
	<path>/home/mainak/tflite-custom-object-bookworm-main/images/image36.jpeg</path>
	<source>
		<database>Unknown</database>
	</source>
	<size>
		<width>2304</width>
		<height>4096</height>
		<depth>3</depth>
	</size>
	<segmented>0</segmented>
	<object>
		<name>speed-breaker</name>
		<pose>Unspecified</pose>
		<truncated>1</truncated>
		<difficult>0</difficult>
		<bndbox>
			<xmin>1</xmin>
			<ymin>2658</ymin>
			<xmax>2301</xmax>
			<ymax>3083</ymax>
		</bndbox>
	</object>
</annotation>
