<annotation>
	<folder>images</folder>
	<filename>newonetrwww (19).jpg</filename>
	<path>/home/mainak/tflite-custom-object-bookworm-main/images/newonetrwww (19).jpg</path>
	<source>
		<database>Unknown</database>
	</source>
	<size>
		<width>1920</width>
		<height>1080</height>
		<depth>3</depth>
	</size>
	<segmented>0</segmented>
	<object>
		<name>speed-breaker</name>
		<pose>Unspecified</pose>
		<truncated>0</truncated>
		<difficult>0</difficult>
		<bndbox>
			<xmin>776</xmin>
			<ymin>646</ymin>
			<xmax>1901</xmax>
			<ymax>927</ymax>
		</bndbox>
	</object>
	<object>
		<name>obstruction</name>
		<pose>Unspecified</pose>
		<truncated>0</truncated>
		<difficult>0</difficult>
		<bndbox>
			<xmin>835</xmin>
			<ymin>176</ymin>
			<xmax>1216</xmax>
			<ymax>703</ymax>
		</bndbox>
	</object>
	<object>
		<name>obstruction</name>
		<pose>Unspecified</pose>
		<truncated>0</truncated>
		<difficult>0</difficult>
		<bndbox>
			<xmin>1425</xmin>
			<ymin>352</ymin>
			<xmax>1768</xmax>
			<ymax>548</ymax>
		</bndbox>
	</object>
</annotation>
