<annotation>
	<folder>images</folder>
	<filename>newonetrwww (53).jpg</filename>
	<path>/home/mainak/tflite-custom-object-bookworm-main/images/newonetrwww (53).jpg</path>
	<source>
		<database>Unknown</database>
	</source>
	<size>
		<width>1920</width>
		<height>1080</height>
		<depth>3</depth>
	</size>
	<segmented>0</segmented>
	<object>
		<name>speed-breaker</name>
		<pose>Unspecified</pose>
		<truncated>1</truncated>
		<difficult>0</difficult>
		<bndbox>
			<xmin>1</xmin>
			<ymin>806</ymin>
			<xmax>921</xmax>
			<ymax>967</ymax>
		</bndbox>
	</object>
	<object>
		<name>obstruction</name>
		<pose>Unspecified</pose>
		<truncated>0</truncated>
		<difficult>0</difficult>
		<bndbox>
			<xmin>639</xmin>
			<ymin>582</ymin>
			<xmax>796</xmax>
			<ymax>775</ymax>
		</bndbox>
	</object>
</annotation>
