<annotation>
	<folder>images</folder>
	<filename>newonetrwww (12).jpg</filename>
	<path>/home/mainak/tflite-custom-object-bookworm-main/images/newonetrwww (12).jpg</path>
	<source>
		<database>Unknown</database>
	</source>
	<size>
		<width>1920</width>
		<height>1080</height>
		<depth>3</depth>
	</size>
	<segmented>0</segmented>
	<object>
		<name>speed-breaker</name>
		<pose>Unspecified</pose>
		<truncated>0</truncated>
		<difficult>0</difficult>
		<bndbox>
			<xmin>424</xmin>
			<ymin>583</ymin>
			<xmax>1844</xmax>
			<ymax>746</ymax>
		</bndbox>
	</object>
	<object>
		<name>speed-breaker</name>
		<pose>Unspecified</pose>
		<truncated>1</truncated>
		<difficult>0</difficult>
		<bndbox>
			<xmin>279</xmin>
			<ymin>752</ymin>
			<xmax>1920</xmax>
			<ymax>980</ymax>
		</bndbox>
	</object>
</annotation>
