<annotation>
	<folder>images</folder>
	<filename>newonetrwww (17).jpg</filename>
	<path>/home/mainak/tflite-custom-object-bookworm-main/images/newonetrwww (17).jpg</path>
	<source>
		<database>Unknown</database>
	</source>
	<size>
		<width>1920</width>
		<height>1080</height>
		<depth>3</depth>
	</size>
	<segmented>0</segmented>
	<object>
		<name>speed-breaker</name>
		<pose>Unspecified</pose>
		<truncated>0</truncated>
		<difficult>0</difficult>
		<bndbox>
			<xmin>443</xmin>
			<ymin>656</ymin>
			<xmax>1476</xmax>
			<ymax>770</ymax>
		</bndbox>
	</object>
</annotation>
