<annotation>
	<folder>images</folder>
	<filename>speedbreakerrefinedone (20).jpg</filename>
	<path>/home/mainak/tflite-custom-object-bookworm-main/images/speedbreakerrefinedone (20).jpg</path>
	<source>
		<database>Unknown</database>
	</source>
	<size>
		<width>1920</width>
		<height>1080</height>
		<depth>3</depth>
	</size>
	<segmented>0</segmented>
	<object>
		<name>speed-breaker</name>
		<pose>Unspecified</pose>
		<truncated>0</truncated>
		<difficult>0</difficult>
		<bndbox>
			<xmin>217</xmin>
			<ymin>183</ymin>
			<xmax>1624</xmax>
			<ymax>531</ymax>
		</bndbox>
	</object>
	<object>
		<name>obstruction</name>
		<pose>Unspecified</pose>
		<truncated>0</truncated>
		<difficult>0</difficult>
		<bndbox>
			<xmin>624</xmin>
			<ymin>72</ymin>
			<xmax>755</xmax>
			<ymax>174</ymax>
		</bndbox>
	</object>
</annotation>
