<annotation>
	<folder>images</folder>
	<filename>speedbreakerrefinedone (2687).jpg</filename>
	<path>/home/mainak/tflite-custom-object-bookworm-main/images/speedbreakerrefinedone (2687).jpg</path>
	<source>
		<database>Unknown</database>
	</source>
	<size>
		<width>1920</width>
		<height>1080</height>
		<depth>3</depth>
	</size>
	<segmented>0</segmented>
	<object>
		<name>speed-breaker</name>
		<pose>Unspecified</pose>
		<truncated>0</truncated>
		<difficult>0</difficult>
		<bndbox>
			<xmin>89</xmin>
			<ymin>441</ymin>
			<xmax>1652</xmax>
			<ymax>727</ymax>
		</bndbox>
	</object>
</annotation>
