<annotation>
	<folder>images</folder>
	<filename>speedbreakerrefinedone (2706).jpg</filename>
	<path>/home/mainak/tflite-custom-object-bookworm-main/images/speedbreakerrefinedone (2706).jpg</path>
	<source>
		<database>Unknown</database>
	</source>
	<size>
		<width>1920</width>
		<height>1080</height>
		<depth>3</depth>
	</size>
	<segmented>0</segmented>
	<object>
		<name>obstruction</name>
		<pose>Unspecified</pose>
		<truncated>0</truncated>
		<difficult>0</difficult>
		<bndbox>
			<xmin>267</xmin>
			<ymin>140</ymin>
			<xmax>659</xmax>
			<ymax>532</ymax>
		</bndbox>
	</object>
	<object>
		<name>obstruction</name>
		<pose>Unspecified</pose>
		<truncated>0</truncated>
		<difficult>0</difficult>
		<bndbox>
			<xmin>825</xmin>
			<ymin>6</ymin>
			<xmax>1877</xmax>
			<ymax>578</ymax>
		</bndbox>
	</object>
	<object>
		<name>speed-breaker</name>
		<pose>Unspecified</pose>
		<truncated>0</truncated>
		<difficult>0</difficult>
		<bndbox>
			<xmin>103</xmin>
			<ymin>472</ymin>
			<xmax>1093</xmax>
			<ymax>704</ymax>
		</bndbox>
	</object>
</annotation>
