<annotation>
	<folder>images</folder>
	<filename>speedbreakerrefinedone (1963).jpg</filename>
	<path>/home/mainak/tflite-custom-object-bookworm-main/images/speedbreakerrefinedone (1963).jpg</path>
	<source>
		<database>Unknown</database>
	</source>
	<size>
		<width>1920</width>
		<height>1080</height>
		<depth>3</depth>
	</size>
	<segmented>0</segmented>
	<object>
		<name>speed-breaker</name>
		<pose>Unspecified</pose>
		<truncated>0</truncated>
		<difficult>0</difficult>
		<bndbox>
			<xmin>56</xmin>
			<ymin>270</ymin>
			<xmax>1500</xmax>
			<ymax>506</ymax>
		</bndbox>
	</object>
</annotation>
