<annotation>
	<folder>images</folder>
	<filename>speedbreakerrefinedone (2199).jpg</filename>
	<path>/home/mainak/tflite-custom-object-bookworm-main/images/speedbreakerrefinedone (2199).jpg</path>
	<source>
		<database>Unknown</database>
	</source>
	<size>
		<width>1920</width>
		<height>1080</height>
		<depth>3</depth>
	</size>
	<segmented>0</segmented>
	<object>
		<name>obstruction</name>
		<pose>Unspecified</pose>
		<truncated>0</truncated>
		<difficult>0</difficult>
		<bndbox>
			<xmin>628</xmin>
			<ymin>220</ymin>
			<xmax>944</xmax>
			<ymax>635</ymax>
		</bndbox>
	</object>
	<object>
		<name>speed-breaker</name>
		<pose>Unspecified</pose>
		<truncated>0</truncated>
		<difficult>0</difficult>
		<bndbox>
			<xmin>141</xmin>
			<ymin>364</ymin>
			<xmax>1564</xmax>
			<ymax>642</ymax>
		</bndbox>
	</object>
	<object>
		<name>obstruction</name>
		<pose>Unspecified</pose>
		<truncated>0</truncated>
		<difficult>0</difficult>
		<bndbox>
			<xmin>21</xmin>
			<ymin>244</ymin>
			<xmax>105</xmax>
			<ymax>426</ymax>
		</bndbox>
	</object>
</annotation>
