<annotation>
	<folder>images</folder>
	<filename>wwaste15wa.jpg</filename>
	<path>/home/mainak/tflite-custom-object-bookworm-main/images/wwaste15wa.jpg</path>
	<source>
		<database>Unknown</database>
	</source>
	<size>
		<width>200</width>
		<height>200</height>
		<depth>3</depth>
	</size>
	<segmented>0</segmented>
	<object>
		<name>speed-breaker</name>
		<pose>Unspecified</pose>
		<truncated>1</truncated>
		<difficult>0</difficult>
		<bndbox>
			<xmin>30</xmin>
			<ymin>1</ymin>
			<xmax>167</xmax>
			<ymax>195</ymax>
		</bndbox>
	</object>
</annotation>
