<annotation>
	<folder>images</folder>
	<filename>wwaste2wa.jpg</filename>
	<path>/home/mainak/tflite-custom-object-bookworm-main/images/wwaste2wa.jpg</path>
	<source>
		<database>Unknown</database>
	</source>
	<size>
		<width>277</width>
		<height>182</height>
		<depth>3</depth>
	</size>
	<segmented>0</segmented>
	<object>
		<name>speed-breaker</name>
		<pose>Unspecified</pose>
		<truncated>0</truncated>
		<difficult>0</difficult>
		<bndbox>
			<xmin>20</xmin>
			<ymin>22</ymin>
			<xmax>259</xmax>
			<ymax>149</ymax>
		</bndbox>
	</object>
</annotation>
