<annotation>
	<folder>images</folder>
	<filename>wwaste13wa.jpg</filename>
	<path>/home/mainak/tflite-custom-object-bookworm-main/images/wwaste13wa.jpg</path>
	<source>
		<database>Unknown</database>
	</source>
	<size>
		<width>200</width>
		<height>200</height>
		<depth>3</depth>
	</size>
	<segmented>0</segmented>
	<object>
		<name>speed-breaker</name>
		<pose>Unspecified</pose>
		<truncated>1</truncated>
		<difficult>0</difficult>
		<bndbox>
			<xmin>1</xmin>
			<ymin>16</ymin>
			<xmax>198</xmax>
			<ymax>43</ymax>
		</bndbox>
	</object>
	<object>
		<name>speed-breaker</name>
		<pose>Unspecified</pose>
		<truncated>1</truncated>
		<difficult>0</difficult>
		<bndbox>
			<xmin>1</xmin>
			<ymin>62</ymin>
			<xmax>197</xmax>
			<ymax>106</ymax>
		</bndbox>
	</object>
	<object>
		<name>speed-breaker</name>
		<pose>Unspecified</pose>
		<truncated>1</truncated>
		<difficult>0</difficult>
		<bndbox>
			<xmin>2</xmin>
			<ymin>130</ymin>
			<xmax>200</xmax>
			<ymax>189</ymax>
		</bndbox>
	</object>
</annotation>
