<annotation>
	<folder>images</folder>
	<filename>wwaste6wa.jpg</filename>
	<path>/home/mainak/tflite-custom-object-bookworm-main/images/wwaste6wa.jpg</path>
	<source>
		<database>Unknown</database>
	</source>
	<size>
		<width>1280</width>
		<height>720</height>
		<depth>3</depth>
	</size>
	<segmented>0</segmented>
	<object>
		<name>speed-breaker</name>
		<pose>Unspecified</pose>
		<truncated>1</truncated>
		<difficult>0</difficult>
		<bndbox>
			<xmin>96</xmin>
			<ymin>1</ymin>
			<xmax>1232</xmax>
			<ymax>710</ymax>
		</bndbox>
	</object>
</annotation>
