<annotation>
	<folder>images</folder>
	<filename>wwaste3wa.jpg</filename>
	<path>/home/mainak/tflite-custom-object-bookworm-main/images/wwaste3wa.jpg</path>
	<source>
		<database>Unknown</database>
	</source>
	<size>
		<width>980</width>
		<height>420</height>
		<depth>3</depth>
	</size>
	<segmented>0</segmented>
	<object>
		<name>speed-breaker</name>
		<pose>Unspecified</pose>
		<truncated>1</truncated>
		<difficult>0</difficult>
		<bndbox>
			<xmin>1</xmin>
			<ymin>184</ymin>
			<xmax>921</xmax>
			<ymax>410</ymax>
		</bndbox>
	</object>
</annotation>
