<annotation>
	<folder>images</folder>
	<filename>wwaste7wa.jpg</filename>
	<path>/home/mainak/tflite-custom-object-bookworm-main/images/wwaste7wa.jpg</path>
	<source>
		<database>Unknown</database>
	</source>
	<size>
		<width>660</width>
		<height>440</height>
		<depth>3</depth>
	</size>
	<segmented>0</segmented>
	<object>
		<name>speed-breaker</name>
		<pose>Unspecified</pose>
		<truncated>0</truncated>
		<difficult>0</difficult>
		<bndbox>
			<xmin>93</xmin>
			<ymin>123</ymin>
			<xmax>596</xmax>
			<ymax>432</ymax>
		</bndbox>
	</object>
</annotation>
