<annotation>
	<folder>images</folder>
	<filename>wwaste8wa.jpg</filename>
	<path>/home/mainak/tflite-custom-object-bookworm-main/images/wwaste8wa.jpg</path>
	<source>
		<database>Unknown</database>
	</source>
	<size>
		<width>200</width>
		<height>200</height>
		<depth>3</depth>
	</size>
	<segmented>0</segmented>
	<object>
		<name>obstruction</name>
		<pose>Unspecified</pose>
		<truncated>0</truncated>
		<difficult>0</difficult>
		<bndbox>
			<xmin>9</xmin>
			<ymin>61</ymin>
			<xmax>197</xmax>
			<ymax>167</ymax>
		</bndbox>
	</object>
</annotation>
